"title","year","age","im_db","rotten_tomatoes","runtime","streaming","main_language"
"Memoir of War",2017,"13+",6.2,6.4,127,"Amazon","Foreign"
"Bad Ass",2012,"18+",5.5,2,90,"Amazon","English"
"Bill Frisell: A Portrait",2017,"18+",7.2,8.8,118,"Amazon","English"
"Promised Land",2012,"18+",6.6,5.2,106,"Netflix","English"
"United 93",2006,"18+",7.5,9,111,"Netflix","English"
"Star Wars: A New Hope",1977,"7+",8.6,9.2,121,"Disney+","English"
"Never Grow Old",2019,"18+",5.9,9,100,"Amazon","English"
"The Wrecking Crew",2008,"7+",7.6,9.4,105,"Hulu","English"
"The Yellow Handkerchief",2009,"13+",6.7,6.6,102,"Multiple","English"
"Joshy",2016,"18+",5.9,8.1,93,"Hulu","English"
"The Descent",2005,"18+",7.2,8.5,99,"Multiple","English"
"Anon",2018,"18+",6.1,3.9,100,"Netflix","English"
"The Aryan Couple",2004,"13+",6.3,1.2,120,"Amazon","English"
"A Private War",2018,"18+",6.7,8.7,110,"Amazon","English"
"The Boys from County Clare",2003,"18+",6.5,4.6,90,"Amazon","English"
"Kill Bill: Vol. 2",2004,"18+",8,8.4,137,"Hulu","English"
"Star Trek III: The Search for Spock",1984,"7+",6.7,8,105,"Multiple","English"
"Good People",2014,"18+",5.5,0.9,90,"Netflix","English"
"The World Is Not Enough",1999,"13+",6.4,5.2,128,"Netflix","English"
"The Graduate",1967,"7+",8,8.6,106,"Hulu","English"
"Mayor of the Sunset Strip",2003,"18+",7,8.7,94,"Amazon","English"
"The Boost",1988,"18+",6.1,3.8,95,"Hulu","English"
"Citizen Duane",2006,"13+",5.1,3.3,90,"Amazon","English"
"Head Games",2012,"13+",7.3,8.8,80,"Amazon","English"
"Wild Bill",1995,"18+",5.9,4.2,98,"Amazon","English"
"Logan Lucky",2017,"13+",7,9.2,118,"Amazon","English"
"Longford",2006,"18+",7.6,10,93,"Amazon","English"
"Electrick Children",2012,"18+",6.8,8.8,96,"Amazon","English"
"Blood Father",2016,"18+",6.4,8.9,88,"Netflix","English"
"Reverb",2007,"13+",3.9,0.9,88,"Amazon","English"
"4 Little Girls",1997,"16+",7.8,10,102,"Amazon","English"
"Air",2015,"13+",5.1,1.7,95,"Amazon","English"
"Seoul Searching",2015,"18+",7.1,7.5,105,"Netflix","English"
"Angels Wear White",2017,"16+",7.2,9.4,107,"Amazon","Foreign"
"Wheelman",2017,"18+",6.4,8.8,82,"Netflix","English"
"Rosebud",1975,"7+",5.1,3.3,126,"Amazon","English"
"Drinking Buddies",2013,"18+",6.1,8.3,90,"Hulu","English"
"The Ladies Man",2000,"18+",5.2,1.1,84,"Amazon","English"
"Grave Encounters 2",2012,"18+",5.1,2,95,"Amazon","English"
"Grave Encounters",2011,"18+",6.1,6.4,92,"Amazon","English"
"How It Ends",2018,"18+",5,1.7,113,"Netflix","English"
"Freestyle",2010,"13+",2.8,2.2,94,"Amazon","English"
"Night Owls",2015,"18+",6.2,10,90,"Amazon","English"
"We Need to Talk About Kevin",2011,"18+",7.5,7.5,112,"Multiple","English"
"The M Word",2014,"18+",6.1,3.8,117,"Amazon","English"
"Ratatouille",2007,"all",8,9.6,111,"Disney+","English"
"Dear Ex",2018,"18+",7.4,8.9,100,"Netflix","Foreign"
"Olaf's Frozen Adventure",2017,"all",5.5,5.7,22,"Disney+","English"
"Middle Men",2009,"18+",6.8,4,105,"Multiple","English"
"The Mask of Zorro",1998,"13+",6.7,8.2,136,"Netflix","English"
"The End of the Tour",2015,"18+",7.3,9.2,106,"Netflix","English"
"Before We Vanish",2017,"18+",6,8,129,"Hulu","Foreign"
"Drunks",1997,"18+",6.4,5.7,90,"Amazon","English"
"Four Sheets to the Wind",2007,"18+",6.3,10,81,"Amazon","English"
"Win It All",2017,"18+",6.2,8.5,88,"Netflix","English"
"The Secret of Roan Inish",1995,"7+",7.5,9.5,103,"Amazon","English"
"Miracle",2004,"7+",7.5,8.1,135,"Multiple","English"
"A-X-L",2018,"13+",5.3,2.7,98,"Netflix","English"
"Nightlight",2015,"18+",4.4,1.4,85,"Amazon","English"
"Lupin the Third: The Castle of Cagliostro",1979,"7+",7.7,9.4,100,"Netflix","Foreign"
"The Interview",2014,"18+",6.5,5.2,112,"Multiple","English"
"Den of Thieves",2018,"18+",7,4.1,140,"Netflix","English"
"The Long Goodbye",1973,"18+",7.6,9.7,112,"Amazon","English"
"Hell or High Water",2016,"18+",7.6,9.7,102,"Netflix","English"
"Heckler",2007,"18+",6.1,6,80,"Amazon","English"
"Boy Wonder",2010,"18+",6.8,5,93,"Amazon","English"
"Chitty Chitty Bang Bang",1968,"all",6.9,6.7,144,"Netflix","English"
"Hostile Border",2015,"18+",5.4,6.7,88,"Amazon","English"
"Because of Winn-Dixie",2005,"7+",6.3,5.5,106,"Disney+","English"
"Siberia",2018,"18+",4.3,1.3,104,"Amazon","English"
"Girl on a Bicycle",2013,"18+",6.2,0.8,101,"Amazon","English"
"American Teacher",2011,"all",6.8,6.7,81,"Amazon","English"
"Gehenna: Where Death Lives",2016,"18+",4.9,5,105,"Amazon","English"
"The Lion King II: Simba's Pride",1998,"all",6.5,6.2,81,"Disney+","English"
"Paranoid Park",2007,"18+",6.7,7.6,85,"Hulu","English"
"Irreplaceable You",2018,"18+",6.4,3.2,96,"Netflix","English"
"While We're Young",2014,"18+",6.3,8.4,97,"Netflix","English"
"Inspector Gadget 2",2003,"all",3.4,4,89,"Disney+","English"
"Cecil B. Demented",2000,"18+",6.3,5.3,87,"Amazon","English"
"Shooting Fish",1997,"7+",6.6,5.7,109,"Amazon","English"
"Aval",2017,"13+",6.8,10,137,"Netflix","Foreign"
"Pan's Labyrinth",2006,"18+",8.2,9.5,118,"Netflix","Foreign"
"New York, I Love You",2008,"18+",6.2,3.7,103,"Amazon","English"
"Nobody's Watching",2017,"18+",6.6,8.9,102,"Amazon","Foreign"
"Society",1989,"18+",6.5,5.5,99,"Amazon","English"
"Await Further Instructions",2018,"18+",4.8,8,91,"Netflix","English"
"Passion",2012,"18+",5.3,3.4,127,"Amazon","Foreign"
"The Reagan Show",2017,"7+",6.4,7.9,74,"Hulu","English"
"Anthropoid",2016,"18+",7.2,6.6,120,"Hulu","English"
"31 North 62 East",2009,"18+",4.1,0.8,105,"Amazon","English"
"Batman Begins",2005,"13+",8.2,8.4,140,"Hulu","English"
"The Adventurer: The Curse of the Midas Box",2013,"7+",5.4,2,100,"Amazon","English"
"Cars",2006,"all",7.1,7.5,117,"Disney+","English"
"Generation Wealth",2018,"18+",6.6,4.5,105,"Amazon","English"
"The Lincoln Lawyer",2011,"18+",7.3,8.4,118,"Amazon","English"
"Atlantics",2019,"16+",6.7,9.5,106,"Netflix","Foreign"
"Siddharth",2013,"all",7.3,9,96,"Amazon","Foreign"
"Amazing Grace",2018,"all",7.5,9.9,118,"Hulu","English"
"The Nightingale",2019,"18+",7.3,8.6,136,"Hulu","English"
"You Can Count on Me",2000,"18+",7.5,9.5,111,"Amazon","English"
"Biggie and Tupac",2002,"18+",6.8,7.9,108,"Amazon","English"
"Ernest & Celestine",2012,"7+",7.9,9.7,80,"Amazon","Foreign"
"Evolution",2001,"13+",6.1,4.3,101,"Multiple","English"
"Northern Soul",2014,"13+",6.4,7.6,102,"Amazon","English"
"Mickey's Christmas Carol",1983,"all",8,10,26,"Disney+","English"
"Destination Wedding",2018,"18+",6,5.3,87,"Amazon","English"
"Palo Alto",2014,"18+",6.2,6.9,100,"Amazon","English"
"Jane",2017,"7+",7.8,9.8,120,"Multiple","English"
"Freaks",2019,"18+",6.7,8.7,105,"Netflix","English"
"The Biggest Little Farm",2019,"7+",8.1,9.1,91,"Hulu","English"
"African Cats",2011,"all",7.6,7.3,89,"Disney+","English"
"Sprung",1997,"18+",5,2.2,105,"Multiple","English"
"School of Life",2017,"13+",6.8,4,116,"Amazon","Foreign"
"The Bling Ring",2013,"18+",5.6,5.9,90,"Netflix","English"
"Asylum",1972,"7+",6.5,3.6,99,"Amazon","English"
"Zig Zag",2002,"18+",5.9,4.4,118,"Amazon","English"
"Tootsie",1982,"7+",7.4,9,116,"Netflix","English"
"Book of Blood",2009,"18+",5.3,8,100,"Amazon","English"
"Initial D",2005,"7+",6.4,3.3,107,"Netflix","Foreign"
"Nightbreed",1990,"18+",6.6,3.8,102,"Amazon","English"
"Disappearances",2007,"13+",4.9,5,118,"Amazon","English"
"The Watcher",2000,"18+",5.3,1,103,"Netflix","English"
"Electric Slide",2014,"18+",4.7,1.4,95,"Amazon","English"
"Michael H. – Profession: Director",2013,"13+",7,9.1,92,"Amazon","Foreign"
"Jailbreak",2017,"18+",5.4,7,92,"Netflix","Foreign"
"The Last Thing He Wanted",2020,"18+",4.2,0.6,115,"Netflix","English"
"Race to Witch Mountain",2009,"7+",5.7,4.2,98,"Netflix","English"
"Prodigy",2017,"18+",6,7.3,80,"Amazon","English"
"Dolphin Tale 2",2014,"7+",6.4,6.5,107,"Netflix","English"
"Crimes of the Heart",1986,"13+",6.4,8.1,105,"Amazon","English"
"I Lost My Body",2019,"18+",7.6,9.6,81,"Netflix","Foreign"
"Easy Come, Easy Go",1967,"7+",5.3,4.3,95,"Amazon","English"
"Macbeth",2015,"18+",6.6,8,113,"Amazon","English"
"Final",2001,"18+",5.9,4.2,90,"Amazon","English"
"Twilight",1998,"18+",6.2,6,122,"Amazon","English"
"Felony",2014,"18+",6.1,7,105,"Amazon","English"
"Violet & Daisy",2011,"18+",6.1,2.2,88,"Amazon","English"
"Escape from Alcatraz",1979,"7+",7.6,9.6,112,"Multiple","English"
"Click",2006,"13+",6.4,3.3,107,"Netflix","English"
"The Escape of Prisoner 614",2018,"13+",4.6,2,97,"Amazon","English"
"Contract Killer",1998,"18+",6.2,8,98,"Amazon","English"
"A Life Less Ordinary",1997,"18+",6.4,3.9,103,"Hulu","English"
"Class of 1984",1982,"18+",6.6,7.4,98,"Amazon","English"
"Fun Size",2012,"13+",5.4,2.5,86,"Multiple","English"
"The (Silent) War",2019,"18+",5.6,5.6,121,"Netflix","Foreign"
"Some Guy Who Kills People",2011,"18+",6.4,8,97,"Amazon","English"
"The Congressman",2016,"18+",6.3,3.3,98,"Amazon","English"
"Jacob's Ladder",2019,"18+",3.4,0.5,113,"Multiple","English"
"Blue Ruin",2013,"18+",7.1,9.6,90,"Netflix","English"
"Circle of Iron",1978,"18+",5.9,4.3,102,"Amazon","English"
"I Capture the Castle",2003,"18+",6.9,7.9,113,"Amazon","English"
"Suspiria",2018,"18+",6.8,6.5,152,"Amazon","English"
"Nacho Libre",2006,"7+",5.7,3.9,92,"Netflix","English"
"A Quiet Passion",2016,"13+",6.4,9.2,125,"Amazon","English"
"The Absent-Minded Professor",1961,"all",6.8,8.3,92,"Disney+","English"
"Runoff",2015,"18+",5.8,8.3,126,"Amazon","Foreign"
"Conversations with Other Women",2006,"18+",7,7.4,84,"Amazon","English"
"War Machine",2017,"18+",6,4.8,122,"Netflix","English"
"The Monster Squad",1987,"13+",7.1,6.4,79,"Amazon","English"
"Crazy Mama",1975,"7+",5.5,8.8,83,"Amazon","English"
"Camp Rock",2008,"all",5.2,4.5,94,"Disney+","English"
"Antarctica: A Year on Ice",2013,"7+",7.6,8.7,91,"Amazon","English"
"Hotel Transylvania 3: Summer Vacation",2018,"7+",6.3,6.2,97,"Netflix","English"
"Brick Lane",2007,"13+",6.6,6.8,102,"Amazon","English"
"Up",2009,"7+",8.2,9.8,96,"Disney+","English"
"Eight Below",2006,"7+",7.3,7.2,120,"Disney+","English"
"Passion Play",2011,"18+",4.6,0.3,94,"Amazon","English"
"A Kid in King Arthur's Court",1995,"7+",4.7,0.5,89,"Disney+","English"
"G.B.F.",2013,"18+",5.9,8,92,"Amazon","English"
"Teen Beach Movie",2013,"7+",5.9,8.6,110,"Disney+","English"
"Lady Bloodfight",2016,"18+",5.6,4,100,"Netflix","English"
"The Revival",2017,"18+",5.4,7.8,85,"Amazon","English"
"Song to Song",2017,"18+",5.7,4.3,129,"Amazon","English"
"Fun with Dick and Jane",2005,"13+",6.2,2.8,90,"Netflix","English"
"Innocence",2014,"13+",4.6,1.9,110,"Amazon","Foreign"
"Cardinals",2017,"18+",5.5,8.3,84,"Amazon","English"
"Murderball",2005,"18+",7.7,9.8,88,"Amazon","English"
"Kissing Candice",2018,"16+",5.2,7.3,108,"Amazon","English"
"Acrimony",2018,"18+",5.8,1.7,120,"Multiple","English"
"Molly",1999,"13+",5.8,1.4,85,"Amazon","English"
"The B-Side: Elsa Dorfman's Portrait Photography",2017,"18+",6.6,9.7,76,"Netflix","English"
"Scatter My Ashes at Bergdorf's",2013,"13+",6.3,5,93,"Amazon","English"
"Three Wishes",1995,"7+",6.1,1.3,115,"Amazon","English"
"Results",2015,"18+",5.4,8.4,105,"Netflix","English"
"Harold and Maude",1971,"7+",7.9,8.4,91,"Amazon","English"
"Lost Girls",2020,"18+",6.1,7.3,95,"Netflix","English"
"Legion of Brothers",2017,"16+",5.7,10,79,"Hulu","English"
"The Winslow Boy",1999,"all",7.3,9.7,117,"Amazon","English"
"Holes",2003,"7+",7,7.8,117,"Disney+","English"
"Assault on Wall Street",2013,"18+",6,2.5,99,"Amazon","English"
"The Muppet Movie",1979,"all",7.6,8.8,95,"Disney+","English"
"Goldstone",2016,"18+",6.5,7.6,110,"Netflix","English"
"Breakin' 2: Electric Boogaloo",1984,"7+",5.1,2.9,94,"Amazon","English"
"One Day in September",1999,"18+",7.8,9.7,94,"Amazon","English"
"Good Dick",2008,"18+",6.4,5,86,"Amazon","English"
"Believer",2018,"7+",7,6.4,123,"Amazon","Foreign"
"Guncrazy",1992,"18+",5.5,6.3,97,"Amazon","English"
"Mr. Right",2016,"18+",6.3,4.4,95,"Netflix","English"
"The Quiet",2005,"18+",6.2,2.1,96,"Amazon","English"
"Scott Walker: 30 Century Man",2007,"all",7.2,8.7,95,"Amazon","English"
"Angel of Mine",2019,"18+",6.5,7.1,98,"Hulu","English"
"Pandemic",2016,"13+",4.4,4.4,91,"Amazon","English"
"Shivaay",2016,"13+",6.2,1.7,153,"Amazon","Foreign"
"The Scenesters",2009,"18+",5.9,4.3,101,"Amazon","English"
"101 Dalmatians",1996,"all",5.7,4.2,103,"Disney+","English"
"Manhunt: The Inside Story of the Hunt for Bin Laden",2013,"16+",6.9,5.7,102,"Amazon","English"
"Burlesque",2010,"13+",6.4,3.6,119,"Netflix","English"
"Rugrats Go Wild",2003,"7+",5.6,3.9,80,"Netflix","English"
"If Beale Street Could Talk",2018,"18+",7.1,9.5,119,"Hulu","English"
"Sliver",1993,"18+",5,1.1,107,"Netflix","English"
"Heidi",2015,"all",7.4,10,111,"Amazon","Foreign"
"Man in Red Bandana",2017,"13+",8.1,6.3,85,"Amazon","English"
"Digging for Fire",2015,"18+",5.8,6.6,85,"Multiple","English"
"Bird Box",2018,"18+",6.6,6.3,124,"Netflix","English"
"The World Is Yours",2018,"18+",6.4,10,102,"Netflix","Foreign"
"Alone in Berlin",2016,"18+",6.5,5.7,103,"Netflix","English"
"National Treasure: Book of Secrets",2007,"7+",6.5,3.6,124,"Disney+","English"
"Permanent",2017,"13+",5.5,4.4,93,"Multiple","English"
"Lisa and the Devil",1973,"18+",6.4,6.2,95,"Amazon","Foreign"
"The Four Feathers",2002,"13+",6.5,4.1,132,"Amazon","English"
"The Tribes of Palos Verdes",2017,"18+",5.8,6.4,104,"Netflix","English"
"The Phantom of the Opera",1925,"13+",7.6,9.1,143,"Amazon","English"
"Highway",2014,"13+",7.7,8.8,133,"Netflix","Foreign"
"Country Strong",2010,"13+",6.3,2.2,117,"Netflix","English"
"This One's for the Ladies",2018,"18+",4.8,7.2,82,"Hulu","English"
"Sister Act 2: Back in the Habit",1993,"7+",5.6,0.7,107,"Disney+","English"
"Half Magic",2018,"18+",4.6,5.5,94,"Hulu","English"
"The Boy Who Harnessed the Wind",2019,"7+",7.6,8.7,113,"Multiple","Foreign"
"Children Shouldn't Play with Dead Things",1973,"7+",5.5,4.2,87,"Amazon","English"
"Dark Obsession",1989,"18+",4.8,3.6,100,"Amazon","English"
"Another Happy Day",2011,"18+",6.1,4.4,119,"Amazon","English"
"Candy Jar",2018,"13+",5.8,7.1,92,"Netflix","English"
"The Water Diviner",2014,"18+",7,6.1,111,"Netflix","English"
"The Spiderwick Chronicles",2008,"7+",6.5,8,96,"Netflix","English"
"Hail, Caesar!",2016,"13+",6.3,8.5,106,"Netflix","English"
"Heavyweights",1995,"7+",6.6,2.9,100,"Disney+","English"
"Harvard Man",2001,"18+",4.9,3.3,99,"Amazon","English"
"The Man from Elysian Fields",2001,"18+",6.6,5.1,106,"Amazon","English"
"Genova",2008,"18+",6,7.7,93,"Amazon","English"
"He Named Me Malala",2015,"13+",6.9,7.2,88,"Netflix","English"
"King Lear",2018,"16+",6.1,9.1,115,"Amazon","English"
"Eichmann",2007,"18+",5.9,3.8,122,"Amazon","English"
"Sarah's Key",2010,"13+",7.5,7.2,111,"Netflix","Foreign"
"Love Hurts",2009,"13+",5.6,2.9,127,"Amazon","English"
"Blank Check",1994,"7+",5.3,0.9,93,"Disney+","English"
"Brooklyn's Finest",2009,"18+",6.7,4.4,132,"Multiple","English"
"Monsters: Dark Continent",2014,"18+",4.3,1.7,119,"Netflix","English"
"The Love Guru",2008,"13+",3.8,1.4,87,"Multiple","English"
"Gideon's Army",2013,"7+",7.7,10,96,"Amazon","English"
"Jin-Roh: The Wolf Brigade",1999,"18+",7.4,5.5,102,"Amazon","Foreign"
"Lebanon, Pa.",2011,"13+",6.3,5,100,"Amazon","Foreign"
"Hard Eight",1996,"18+",7.2,8.4,102,"Amazon","English"
"Tell Your Children",1936,"7+",3.8,3.9,66,"Amazon","English"
"Keys to Tulsa",1997,"18+",5.1,1,113,"Amazon","English"
"The Loss of a Teardrop Diamond",2008,"13+",5.8,2.7,102,"Amazon","English"
"The Incredibles",2004,"7+",8,9.7,115,"Disney+","English"
"Eighth Grade",2018,"18+",7.4,9.9,93,"Amazon","English"
"Phone Booth",2002,"18+",7,7.2,81,"Hulu","English"
"Explicit Ills",2008,"18+",5.7,5.4,87,"Amazon","English"
"The Alibi",2006,"18+",6.4,5.7,90,"Amazon","English"
"The 5th Quarter",2011,"13+",5.6,5.7,101,"Amazon","English"
"Wendy and Lucy",2008,"18+",7.1,8.5,80,"Amazon","English"
"A Good Marriage",2014,"18+",5.2,3.2,102,"Amazon","English"
"Piglet's Big Movie",2003,"all",6.1,7,75,"Disney+","English"
"Ghost Team",2016,"13+",4.6,1.1,83,"Hulu","English"
"The Princess and the Frog",2009,"all",7.1,8.5,97,"Multiple","English"
"The Core",2003,"13+",5.5,4,135,"Multiple","English"
"Horton Hears a Who!",2008,"all",6.8,7.9,86,"Hulu","English"
"Toni Morrison: The Pieces I Am",2019,"13+",7.1,9.7,120,"Hulu","English"
"Atlantis: The Lost Empire",2001,"7+",6.9,4.9,95,"Disney+","English"
"Radio Free Albemuth",2010,"18+",5.6,3.6,111,"Amazon","English"
"The Flowers of War",2011,"18+",7.6,4.1,146,"Amazon","Foreign"
"Meet the Deedles",1998,"7+",4.1,0.7,93,"Disney+","English"
"Captain America: The Winter Soldier",2014,"13+",7.7,9,136,"Disney+","English"
"American Anarchist",2016,"18+",5.8,6.7,80,"Netflix","English"
"Three and Out",2008,"18+",6.2,1.7,106,"Amazon","English"
"Drillbit Taylor",2008,"13+",5.7,2.6,110,"Netflix","English"
"Vampire's Kiss",1988,"18+",6,6.1,103,"Amazon","English"
"I'm in Love with a Church Girl",2013,"7+",4.4,0.6,118,"Netflix","English"
"Tenderness",2009,"18+",5.5,4,101,"Amazon","English"
"The Jimmy Show",2002,"18+",5.2,4,96,"Amazon","English"
"Tony n' Tina's Wedding",2004,"18+",3.9,2.5,110,"Amazon","English"
"Raising Cain",1992,"18+",6.1,5.7,92,"Netflix","English"
"My Name Is Nobody",1973,"7+",7.5,10,116,"Amazon","Foreign"
"The 33",2015,"13+",6.9,4.8,127,"Hulu","English"
"Beyond the Mat",1999,"18+",7.6,8.2,102,"Netflix","English"
"The Girl with the Dragon Tattoo",2009,"18+",7.8,8.5,158,"Amazon","English"
"Brother Bear",2003,"all",6.8,3.7,85,"Disney+","English"
"Master Z: Ip Man Legacy",2018,"13+",6.5,8.9,107,"Netflix","Foreign"
"Charlotte's Web",1973,"all",6.9,7.6,97,"Multiple","English"
"Not Suitable For Children",2012,"18+",5.8,8.8,97,"Amazon","English"
"Guardians of the Galaxy",2014,"13+",8,9.1,121,"Disney+","English"
"Free Enterprise",1998,"18+",6.8,8.3,113,"Amazon","English"
"No Strings Attached",2011,"18+",6.2,4.9,108,"Multiple","English"
"The Journey",2017,"13+",6.6,6.9,94,"Amazon","English"
"A Girl Like Her",2015,"13+",7,6.5,91,"Amazon","English"
"Papillon",2017,"18+",7.2,5.2,133,"Amazon","English"
"Coastlines",2002,"18+",5.8,4.8,110,"Hulu","English"
"Humanoids from the Deep",1980,"18+",5.7,5.6,80,"Amazon","English"
"To Catch a Thief",1955,"7+",7.4,9.6,106,"Amazon","English"
"Godzilla",1998,"13+",5.4,1.6,123,"Netflix","English"
"The Chumscrubber",2005,"18+",6.9,3.7,108,"Hulu","English"
"Khumba",2013,"all",5.7,4.4,85,"Amazon","English"
"Blueberry",2004,"18+",5.2,2.2,124,"Amazon","English"
"The Summit",2012,"18+",6.9,6.4,95,"Amazon","English"
"Becoming Cary Grant",2017,"7+",6.6,8.6,85,"Amazon","English"
"Bambi II",2006,"all",6.1,5,75,"Disney+","English"
"American Renegades",2017,"13+",5.4,1.1,106,"Amazon","English"
"The Discoverers",2014,"16+",5.7,8.8,104,"Amazon","English"
"The Apple Dumpling Gang",1975,"all",6.5,5.6,100,"Disney+","English"
"Double Dragon",1994,"13+",3.8,1.3,96,"Amazon","English"
"I, Frankenstein",2014,"13+",5.1,0.5,92,"Multiple","English"
"The Great New Wonderful",2005,"18+",5.6,7.3,87,"Amazon","English"
"Fireworks, Should We See It from the Side or the Bottom?",2017,"13+",5.5,4.3,90,"Netflix","Foreign"
"Pirates of the Caribbean: The Curse of the Black Pearl",2003,"13+",8,7.9,143,"Disney+","English"
"Prom",2011,"7+",5.4,3.6,104,"Disney+","English"
"Playing It Cool",2014,"18+",6,1.4,94,"Multiple","English"
"Close Enemies",2018,"18+",6.3,5.8,111,"Netflix","Foreign"
"Hello I Must Be Going",2012,"18+",6.2,7.5,95,"Multiple","English"
"House of D",2004,"13+",7,1,97,"Multiple","English"
"Liquid Sky",1982,"18+",6.2,9.5,112,"Amazon","English"
"It Comes at Night",2017,"18+",6.2,8.7,91,"Netflix","English"
"Mom and Dad",2018,"18+",5.5,7.5,86,"Hulu","English"
"Admiral",2015,"7+",7,6.7,151,"Amazon","Foreign"
"Mardaani",2014,"13+",7.3,6.7,113,"Amazon","Foreign"
"Bright",2017,"18+",6.3,2.8,117,"Netflix","English"
"Demonic",2015,"18+",5.3,3.3,83,"Netflix","English"
"Looney Tunes: Back in Action",2003,"7+",5.7,5.6,93,"Netflix","English"
"They Wait",2007,"18+",5.3,4,99,"Amazon","English"
"Super Inframan",1975,"7+",6.3,10,88,"Amazon","Foreign"
"The Bookshop",2017,"7+",6.5,5.7,113,"Multiple","English"
"Toy Story 2",1999,"all",7.9,10,92,"Disney+","English"
"The Last Song",2010,"7+",6,2.1,107,"Disney+","English"
"Hotel Mumbai",2018,"18+",7.6,7.6,123,"Hulu","English"
"The Florida Project",2017,"18+",7.6,9.6,111,"Netflix","English"
"Lila & Eve",2015,"18+",5.8,4,94,"Multiple","English"
"Backstabbing for Beginners",2018,"18+",6.2,3.8,108,"Amazon","English"
"I, Tonya",2017,"18+",7.5,8.9,119,"Hulu","English"
"Mud",2013,"13+",7.4,9.7,130,"Netflix","English"
"Big Time Adolescence",2020,"18+",7,8.4,91,"Hulu","English"
"The Town That Dreaded Sundown",1976,"18+",6.1,4.2,90,"Amazon","English"
"Small Town Murder Songs",2010,"18+",5.9,7.9,75,"Amazon","English"
"The Immaculate Conception of Little Dizzle",2010,"18+",6.2,8.9,104,"Amazon","English"
"One Magic Christmas",1985,"all",6.5,4.7,89,"Disney+","English"
"BloodRayne",2005,"18+",2.9,0.4,95,"Amazon","English"
"Bank Chor",2017,"7+",5.9,2,120,"Amazon","Foreign"
"Assassination Tango",2002,"18+",5.8,4.7,114,"Multiple","English"
"Falling Inn Love",2019,"7+",5.6,6.1,98,"Netflix","English"
"Camp Nowhere",1994,"7+",6.1,1.8,96,"Disney+","English"
"The Rescuers",1977,"all",6.9,8,78,"Disney+","English"
"Low Down",2014,"18+",6.1,5,114,"Amazon","English"
"Poster Boys",2017,"13+",5.5,3.3,128,"Netflix","Foreign"
"Never Forever",2007,"18+",6.5,8,104,"Amazon","Foreign"
"These Girls",2005,"18+",5.5,7.3,92,"Amazon","English"
"The Birth of a Nation",1915,"7+",6.4,9.3,195,"Amazon","Foreign"
"Cheetah",1989,"all",6,5,83,"Disney+","English"
"Samsara",2011,"13+",8.5,7.6,102,"Amazon","Foreign"
"Romeo & Juliet",2013,"13+",5.8,2.4,118,"Hulu","English"
"Escape and Evasion",2019,"16+",4.8,8,92,"Amazon","English"
"Inequality for All",2013,"7+",8,9,89,"Netflix","English"
"1492: Conquest of Paradise",1992,"13+",6.5,3.2,154,"Amazon","Foreign"
"Sukiyaki Western Django",2007,"18+",6.2,5.6,121,"Amazon","English"
"Una",2017,"18+",6.2,7.6,94,"Netflix","English"
"Rogue One: A Star Wars Story",2016,"13+",7.8,8.4,133,"Disney+","English"
"Terror Train",1980,"18+",5.9,3.6,97,"Amazon","English"
"Miss Hokusai",2015,"13+",6.7,9.3,93,"Netflix","Foreign"
"3 Men and a Little Lady",1990,"7+",5.4,3.8,104,"Disney+","English"
"Marriage Story",2019,"18+",8,9.5,137,"Netflix","English"
"Bachna Ae Haseeno",2008,"7+",6.2,6.3,152,"Amazon","Foreign"
"I Kill Giants",2018,"13+",6.2,7.7,106,"Hulu","English"
"Mega Piranha",2010,"18+",2.4,0.8,92,"Amazon","English"
"Jerry Maguire",1996,"18+",7.3,8.3,139,"Netflix","English"
"Once Upon a Time in the West",1968,"13+",8.5,9.5,165,"Multiple","Foreign"
"The Fundamentals of Caring",2016,"18+",7.3,7.7,97,"Multiple","English"
"Iron Man 2",2010,"13+",7,7.3,124,"Multiple","English"
"Toy Story 4",2019,"all",7.8,9.7,100,"Disney+","English"
"From Paris with Love",2010,"18+",6.5,3.8,92,"Multiple","English"
"Grizzly Man",2005,"18+",7.8,9.2,103,"Amazon","English"
"Mara",2018,"18+",5.1,2.9,98,"Netflix","English"
"Breakdown",1997,"18+",6.9,8,93,"Amazon","English"
"Julie & Julia",2009,"13+",7,7.7,123,"Netflix","English"
"Mandingo",1975,"18+",6.3,2.9,127,"Amazon","English"
"The Parent Trap",1998,"7+",6.5,8.6,128,"Disney+","English"
"A Spell to Ward Off the Darkness",2013,"7+",6.2,9.5,98,"Amazon","English"
"The Road to El Dorado",2000,"7+",6.9,4.8,89,"Hulu","English"
"Cesar Chavez",2014,"13+",6.4,3.8,102,"Amazon","English"
"Undefeated",2011,"13+",7.7,9.6,113,"Netflix","English"
"To Wong Foo, Thanks for Everything! Julie Newmar",1995,"13+",6.6,4.1,109,"Netflix","English"
"The Special Relationship",2010,"16+",6.7,8.6,93,"Amazon","English"
"Morvern Callar",2002,"18+",6.8,8.4,97,"Amazon","English"
"Fantasia 2000",1999,"all",7.2,8.1,75,"Disney+","English"
"In a Relationship",2018,"18+",5.5,6,92,"Hulu","English"
"Arbitrage",2012,"18+",6.6,8.8,107,"Multiple","English"
"UglyDolls",2019,"7+",4.9,2.7,87,"Hulu","English"
"Inglourious Basterds",2009,"18+",8.3,8.9,153,"Netflix","English"
"The Rainmaker",1997,"13+",7.2,8.3,135,"Multiple","English"
"A Guy Thing",2003,"13+",5.6,2.4,101,"Amazon","English"
"Dumb: The Story of Big Brother Magazine",2017,"18+",7.2,10,79,"Hulu","English"
"The World Before Your Feet",2018,"13+",7.6,10,95,"Amazon","English"
"Confessions of a Teenage Drama Queen",2004,"7+",4.6,1.4,89,"Disney+","English"
"Zindagi Na Milegi Dobara",2011,"7+",8.1,9.1,155,"Netflix","Foreign"
"Django Unchained",2012,"18+",8.4,8.7,165,"Netflix","English"
"Bethany Hamilton: Unstoppable",2019,"7+",7.3,7.1,100,"Netflix","English"
"April and the Extraordinary World",2015,"7+",7.3,9.6,105,"Netflix","Foreign"
"Cut Snake",2015,"18+",5.8,6.9,94,"Amazon","English"
"Open Grave",2013,"18+",6.2,1.8,102,"Amazon","English"
"Megan Leavey",2017,"13+",7.1,8.7,116,"Hulu","English"
"The Glass Coffin",2016,"18+",5.3,8,75,"Amazon","Foreign"
"Life According to Sam",2013,"all",8.2,10,94,"Amazon","English"
"White Lightning",1973,"7+",6.4,8.6,101,"Amazon","English"
"The X Files: I Want to Believe",2008,"13+",5.9,3.1,104,"Hulu","English"
"The Ghazi Attack",2017,"7+",7.6,6,116,"Amazon","Foreign"
"All's Faire in Love",2009,"13+",5,0.7,104,"Amazon","English"
"Coffy",1973,"18+",6.8,7.9,90,"Amazon","English"
"Monsters and Men",2018,"18+",5.7,8.6,96,"Hulu","English"
"Welcome to Happiness",2015,"13+",6.1,3.1,108,"Amazon","English"
"A Bad Moms Christmas",2017,"18+",5.6,3.1,104,"Netflix","English"
"Sextuplets",2019,"16+",4.4,1.4,97,"Netflix","English"
"Europa Report",2013,"13+",6.4,8.1,90,"Hulu","English"
"American Assassin",2017,"18+",6.2,3.5,112,"Netflix","English"
"The Cat in the Hat",2003,"7+",3.9,0.9,82,"Multiple","English"
"47 Meters Down: Uncaged",2019,"13+",5,4.2,90,"Amazon","English"
"The House of the Devil",2009,"18+",6.4,8.7,95,"Amazon","English"
"3 Nights in the Desert",2014,"18+",5.1,4,90,"Amazon","English"
"The Finest Hours",2016,"13+",6.8,6.4,117,"Disney+","English"
"Concussion",2013,"18+",5.6,7.5,123,"Netflix","English"
"Chicken Run",2000,"all",7,9.7,84,"Hulu","English"
"The Ant Bully",2006,"7+",5.8,6.2,88,"Hulu","English"
"The Last Airbender",2010,"7+",4.1,0.5,103,"Netflix","English"
"Penelope",2006,"7+",6.7,5.4,104,"Amazon","English"
"I Spit on Your Grave",2010,"18+",6.3,3.3,108,"Amazon","English"
"Fun in Acapulco",1963,"7+",5.9,5.7,97,"Hulu","English"
"Life-Size 2",2018,"16+",4.8,4,81,"Disney+","English"
"Species",1995,"18+",5.8,4.3,108,"Amazon","English"
"Phenomena",1985,"18+",6.8,7.8,116,"Amazon","Foreign"
"Come Sunday",2018,"16+",5.9,6.3,106,"Netflix","English"
"Backtrace",2018,"18+",3.7,1.1,92,"Hulu","English"
"Kazaam",1996,"7+",3,0.6,93,"Disney+","English"
"The Overnight",2015,"18+",6.1,8.3,79,"Multiple","English"
"Wadjda",2012,"7+",7.5,9.9,98,"Netflix","Foreign"
"Goon",2012,"18+",6.8,8.1,92,"Netflix","English"
"The Perks of Being a Wallflower",2012,"13+",8,8.6,103,"Netflix","English"
"Honeyglue",2015,"18+",6.3,3.6,107,"Amazon","English"
"Aladdin",1992,"all",8,9.5,128,"Disney+","English"
"Hideous Kinky",1998,"18+",6,6.5,98,"Amazon","English"
"Scorched Earth",2018,"18+",4.5,2,96,"Amazon","English"
"Song One",2015,"13+",5.8,3.3,86,"Amazon","English"
"Friday the 13th Part III",1982,"18+",5.7,1.2,95,"Multiple","English"
"Fast Color",2019,"13+",6,8.2,100,"Amazon","English"
"Adore",2013,"18+",6.2,3.4,112,"Amazon","English"
"The Plague Dogs",1982,"13+",7.8,5.7,103,"Amazon","English"
"Cadillac Records",2008,"18+",7,6.7,109,"Netflix","English"
"The Short Game",2013,"7+",7.4,8.4,99,"Netflix","English"
"Danny Collins",2015,"18+",7,7.7,106,"Amazon","English"
"America's Heart and Soul",2004,"7+",5.1,5,84,"Disney+","English"
"Fugitive Pieces",2007,"18+",7,6.8,104,"Amazon","English"
"Nobel Son",2007,"18+",6.3,2.5,110,"Amazon","English"
"White Fang",2018,"7+",6.9,8.8,107,"Multiple","English"
"Some Kind of Hero",1982,"18+",5.8,4,97,"Multiple","English"
"The Golem",2018,"18+",5.6,8.5,95,"Netflix","English"
"Marrowbone",2017,"18+",6.6,4.7,110,"Hulu","English"
"Veronica",2017,"18+",6.2,8.8,94,"Netflix","English"
"The Bedroom Window",1987,"18+",6.4,7.6,112,"Amazon","English"
"The Cabinet of Dr. Caligari",1920,"7+",8.1,10,76,"Amazon","Foreign"
"The Château",2001,"18+",5.2,5,91,"Hulu","English"
"The Levelling",2017,"18+",6.4,9.4,83,"Amazon","English"
"I Can Only Imagine",2018,"7+",7.3,6.1,110,"Multiple","English"
"Oceans",2009,"all",7.8,8.1,104,"Netflix","Foreign"
"Beneath",2013,"18+",3.7,3.3,90,"Amazon","English"
"The Way of the Gun",2000,"18+",6.7,4.5,119,"Amazon","English"
"Alive Inside",2014,"7+",8.2,7.4,78,"Amazon","English"
"A Single Man",2009,"18+",7.6,8.5,99,"Netflix","English"
"Nomads",1986,"18+",5.4,2.2,91,"Amazon","English"
"Brittany Runs a Marathon",2019,"18+",6.8,8.9,104,"Amazon","English"
"The Vessel",2016,"13+",5.3,6.7,86,"Amazon","English"
"The Space Between Us",2017,"13+",6.4,1.6,120,"Netflix","English"
"Stitch! The Movie",2003,"all",6.2,2,60,"Disney+","Foreign"
"Golden Exits",2018,"18+",5.8,6.7,94,"Hulu","English"
"Chasers",1994,"18+",5.1,3.3,102,"Amazon","English"
"Days of Darkness",2007,"18+",3.9,2,104,"Amazon","Foreign"
"Tai Chi Zero",2012,"13+",6.1,6,98,"Amazon","Foreign"
"Frozen II",2019,"7+",6.9,7.7,103,"Disney+","English"
"Starred Up",2013,"18+",7.4,9.9,106,"Multiple","English"
"Mission Control: The Unsung Heroes of Apollo",2017,"7+",7.5,10,101,"Netflix","English"
"The Dust Factory",2004,"7+",6,0.9,99,"Amazon","English"
"Black Sunday",1977,"18+",6.8,6.9,87,"Amazon","Foreign"
"W.E.",2011,"18+",6.3,1.2,119,"Netflix","English"
"Scary Movie 2",2001,"18+",5.3,1.5,83,"Netflix","English"
"Oddball",2015,"7+",6.4,8.7,95,"Amazon","English"
"Magnolia",1999,"18+",8,8.3,188,"Netflix","English"
"Miss Sloane",2016,"18+",7.5,7.6,132,"Amazon","English"
"In This Corner of the World",2016,"13+",7.8,9.7,129,"Netflix","Foreign"
"Life with Mikey",1993,"7+",5.6,2.5,91,"Disney+","English"
"Dinosaur",2000,"7+",6.5,6.4,82,"Disney+","English"
"Final Destination",2000,"18+",6.7,3.5,98,"Netflix","English"
"The Cheap Detective",1978,"7+",6.5,4.7,92,"Amazon","English"
"Kal Ho Naa Ho",2003,"all",8,7,186,"Netflix","Foreign"
"Christmas in the Clouds",2001,"7+",6.4,6.9,96,"Amazon","English"
"The Competition",1980,"7+",6.6,7.1,123,"Amazon","English"
"Last Flag Flying",2017,"18+",6.9,7.7,125,"Amazon","English"
"Bullet Head",2017,"18+",5.4,5.9,93,"Netflix","English"
"Noble",2014,"13+",6.8,8.2,100,"Amazon","English"
"Hereditary",2018,"18+",7.3,8.9,127,"Amazon","English"
"Conan the Barbarian",2011,"18+",5.2,2.5,129,"Multiple","English"
"Ismael's Ghosts",2017,"18+",5.6,5.1,114,"Hulu","Foreign"
"Citizen X",1995,"18+",7.5,8.8,105,"Amazon","English"
"Tortilla Heaven",2008,"13+",5.3,2.5,98,"Amazon","English"
"I've Loved You So Long",2008,"13+",7.6,8.8,117,"Amazon","Foreign"
"I Don't Know How She Does It",2011,"13+",4.9,1.7,89,"Netflix","English"
"Pi",1998,"18+",7.4,8.8,84,"Amazon","English"
"The Bleeding Edge",2018,"16+",7.7,10,99,"Multiple","English"
"The Soloist",2009,"13+",6.7,5.7,117,"Amazon","English"
"Aniara",2019,"18+",6.2,7,106,"Hulu","Foreign"
"Jeremiah Tower: The Last Magnificent",2016,"18+",6.4,8.4,103,"Netflix","English"
"Monster Island",2017,"7+",4.8,1.8,89,"Multiple","English"
"Capote",2005,"18+",7.3,9,114,"Amazon","English"
"Molly Moon and the Incredible Book of Hypnotism",2015,"7+",5.3,2.9,98,"Amazon","English"
"The Polar Express",2004,"all",6.6,5.6,100,"Netflix","English"
"The Ultimate Life",2013,"7+",5.8,1.8,105,"Amazon","English"
"Ninja Assassin",2009,"18+",6.3,2.5,99,"Netflix","English"
"Blackball",2003,"18+",5.6,4.1,96,"Amazon","English"
"Awful Nice",2013,"18+",4.9,2.2,92,"Amazon","English"
"The Creeping Flesh",1973,"7+",6.3,8,92,"Amazon","English"
"The Alchemist Cookbook",2016,"18+",5.1,8,82,"Multiple","English"
"Just Write",1997,"13+",6.3,5,102,"Amazon","English"
"Under the Gun",2016,"18+",5.5,10,86,"Amazon","English"
"Essential Killing",2010,"18+",6.1,7.7,83,"Amazon","English"
"Ant-Man",2015,"13+",7.3,8.3,117,"Disney+","English"
"Terms of Endearment",1983,"7+",7.4,7.8,132,"Amazon","English"
"Kettle of Fish",2006,"18+",5.1,1.8,97,"Amazon","English"
"Free Fire",2017,"18+",6.4,6.8,91,"Netflix","English"
"The Death of Stalin",2017,"18+",7.2,9.6,107,"Netflix","English"
"The Runaways",2010,"18+",6.5,7,106,"Netflix","English"
"Free Willy 3: The Rescue",1997,"7+",4.7,4.4,86,"Hulu","English"
"Serenity",2019,"18+",5.3,2,106,"Amazon","English"
"India: Kingdom of the Tiger",2002,"all",6.2,8,42,"Amazon","Foreign"
"A Gray State",2017,"18+",6.2,10,93,"Netflix","English"
"Cop Car",2015,"18+",6.3,8,88,"Netflix","English"
"Ace Ventura: Pet Detective",1994,"13+",6.9,4.8,86,"Netflix","English"
"Chi-Raq",2015,"18+",5.7,8.2,127,"Amazon","English"
"We the Animals",2018,"18+",6.9,9.3,94,"Netflix","English"
"Chastity Bites",2013,"18+",4.6,10,93,"Amazon","English"
"Murder on the Orient Express",1974,"7+",7.3,8.9,114,"Amazon","English"
"The Darkness",2016,"13+",4.4,0.3,101,"Amazon","English"
"Midsommar",2019,"18+",7.1,8.3,148,"Amazon","English"
"The One I Love",2014,"18+",7.1,8.2,91,"Netflix","English"
"Togo",2019,"7+",8.1,9.1,113,"Disney+","English"
"Tucker and Dale vs. Evil",2010,"18+",7.5,8.5,89,"Netflix","English"
"Air Force One",1997,"18+",6.5,7.6,124,"Amazon","English"
"The Baytown Outlaws",2012,"18+",6.4,2.2,98,"Amazon","English"
"Same Kind of Different as Me",2017,"13+",6.6,3.3,119,"Netflix","English"
"Cutter's Way",1981,"18+",6.9,9.1,109,"Amazon","English"
"Melvin Goes to Dinner",2003,"18+",6.8,10,83,"Netflix","English"
"Final Destination 3",2006,"18+",5.8,4.3,93,"Netflix","English"
"The Student",2016,"13+",6.9,8.7,90,"Multiple","English"
"Young Sherlock Holmes",1985,"13+",6.8,6.4,109,"Amazon","English"
"Heartburn",1986,"18+",6.1,4.5,108,"Amazon","English"
"Sparkle",2007,"7+",6,7.8,116,"Amazon","English"
"Earthquake Bird",2019,"18+",5.9,5.7,107,"Netflix","English"
"The High Cost of Living",2011,"13+",6.8,5.3,92,"Amazon","English"
"The Second Mother",2015,"18+",7.8,9.7,112,"Multiple","Foreign"
"Jem and the Holograms",2015,"7+",4.1,2.2,118,"Netflix","English"
"Game Over, Man!",2018,"18+",5.4,0.9,101,"Netflix","English"
"Above the Rim",1994,"18+",6.6,5.3,96,"Netflix","English"
"Downsizing",2017,"18+",5.7,4.7,135,"Multiple","English"
"6 Below: Miracle on the Mountain",2017,"13+",5.7,2.2,98,"Hulu","English"
"The English Teacher",2013,"18+",5.8,4.1,93,"Amazon","English"
"The Third Murder",2017,"18+",6.7,8.6,124,"Amazon","Foreign"
"Eaten Alive",1976,"18+",5.5,2.9,92,"Amazon","Foreign"
"A Wrinkle in Time",2018,"7+",4.2,4.2,109,"Disney+","English"
"Everybody's Everything",2019,"18+",7.4,10,116,"Netflix","English"
"Moonlight",2016,"18+",7.4,9.8,111,"Netflix","English"
"Before I Go to Sleep",2014,"18+",6.3,3.7,92,"Hulu","English"
"Recess: School's Out",2001,"all",6.6,6,82,"Disney+","English"
"The Three Caballeros",1944,"all",6.5,8.2,104,"Disney+","English"
"Ghost Rider",2007,"13+",5.2,2.6,110,"Netflix","English"
"The Angel",2018,"18+",6.6,7.5,114,"Multiple","English"
"50/50",2011,"18+",7.6,9.3,100,"Hulu","English"
"The Santa Clause",1994,"7+",6.5,7.1,97,"Disney+","English"
"Truman",2015,"16+",7.3,9.9,108,"Amazon","Foreign"
"13 Assassins",2010,"18+",7.6,9.5,141,"Hulu","Foreign"
"Food Evolution",2017,"7+",7,10,92,"Hulu","English"
"Double Impact",1991,"18+",5.6,3.5,110,"Amazon","English"
"Who Is Cletis Tout?",2001,"18+",6.3,2.3,92,"Amazon","English"
"Goya's Ghosts",2006,"18+",6.9,3,113,"Amazon","English"
"Blue Chips",1994,"13+",6.2,3.7,108,"Amazon","English"
"Abattoir",2016,"18+",4.4,3.8,98,"Amazon","English"
"Me Without You",2001,"18+",6.9,6.6,107,"Amazon","English"
"Homecoming: A Film by Beyoncé",2019,"13+",7.4,9.8,137,"Netflix","English"
"The Loveless",1981,"18+",6.1,8,82,"Amazon","English"
"The Goods: Live Hard, Sell Hard",2009,"18+",5.8,2.7,89,"Multiple","English"
"Girl Asleep",2015,"18+",6.2,8.1,77,"Amazon","English"
"The Little Traitor",2009,"7+",6.9,4.1,88,"Amazon","Foreign"
"Guzaarish",2010,"7+",7.4,6.7,126,"Netflix","Foreign"
"Love Ranch",2010,"18+",5.6,1.3,117,"Amazon","English"
"The Decline of Western Civilization Part II: The Metal Years",1988,"18+",7.2,10,93,"Amazon","English"
"Ice Princess",2005,"all",6,5.2,98,"Disney+","English"
"About Time",2013,"18+",7.8,6.8,123,"Netflix","English"
"James White",2015,"18+",7.1,9.2,85,"Amazon","English"
"The Two Popes",2019,"13+",7.6,8.9,125,"Netflix","English"
"Muppets Most Wanted",2014,"7+",6.4,8,107,"Disney+","English"
"The Black Godfather",2019,"18+",6.5,10,118,"Multiple","English"
"High Life",2018,"18+",5.8,8.2,113,"Amazon","English"
"Treasure Planet",2002,"7+",7.2,6.9,95,"Disney+","English"
"Dangerously Close",1986,"18+",5.5,1,95,"Amazon","English"
"Journey's End",2017,"18+",6.6,9.2,107,"Amazon","English"
"Sun Choke",2015,"18+",5.6,8.8,83,"Amazon","English"
"Dhobi Ghat",2010,"16+",7,6.8,100,"Netflix","Foreign"
"Tickled",2016,"18+",7.6,9.4,92,"Hulu","English"
"Monsters, Inc.",2001,"all",8,9.6,92,"Disney+","English"
"Grand Theft Parsons",2004,"13+",6,4.6,88,"Amazon","English"
"Virginia",2010,"18+",5.4,1.1,88,"Amazon","English"
"Rosencrantz & Guildenstern Are Dead",1991,"7+",7.5,6.2,117,"Amazon","English"
"Bennett's War",2019,"13+",5.5,5,94,"Netflix","English"
"Blame",2011,"18+",5.6,5.8,100,"Amazon","English"
"The Time Machine",2002,"13+",6,2.9,96,"Netflix","English"
"The Sapphires",2012,"13+",7,9.1,103,"Netflix","English"
"The Assignment",2016,"18+",4.6,3.4,95,"Netflix","English"
"Slice",2018,"18+",4.5,5.7,83,"Amazon","English"
"Alice Sweet Alice",1976,"18+",6.5,8.2,107,"Amazon","English"
"Being Elmo: A Puppeteer's Journey",2011,"7+",7.6,9.5,80,"Netflix","English"
"Rowdy Rathore",2012,"13+",5.7,5.5,140,"Netflix","Foreign"
"Tarzan II",2005,"all",5.6,3.3,72,"Netflix","English"
"Descendants 2",2017,"all",6.5,6.7,111,"Disney+","English"
"A Night In the Woods",2011,"18+",3.7,4.3,82,"Amazon","English"
"Romero",1989,"13+",7.1,7.8,102,"Amazon","English"
"A Kind of Murder",2016,"18+",5.3,3.8,95,"Hulu","English"
"The Black Hole",1979,"7+",6,4,98,"Disney+","English"
"Battle: Los Angeles",2011,"13+",5.7,3.6,116,"Netflix","English"
"Up in the Air",2009,"18+",7.4,9.1,109,"Multiple","English"
"Luka Chuppi",2019,"7+",6.3,3.3,126,"Netflix","Foreign"
"Rough Stuff",2016,"18+",4.6,8,84,"Amazon","English"
"The Sea of Trees",2016,"13+",6.1,1.5,110,"Netflix","English"
"Mickey, Donald, Goofy: The Three Musketeers",2004,"all",6.4,3.6,68,"Disney+","English"
"Antz",1998,"7+",6.5,9.3,83,"Hulu","English"
"Urban Cowboy",1980,"7+",6.3,6.7,132,"Netflix","English"
"Journey to the Center of the Earth",1959,"all",7,8.6,93,"Disney+","English"
"Alex Strangelove",2018,"18+",6.3,8.6,99,"Netflix","English"
"Camp Rock 2: The Final Jam",2010,"7+",5.2,6.3,97,"Disney+","English"
"When a Stranger Calls Back",1993,"18+",6.2,5.7,94,"Amazon","English"
"Kon-Tiki",2012,"13+",7.2,8.1,118,"Multiple","Foreign"
"Mortal Kombat",1995,"13+",5.8,4.7,101,"Netflix","English"
"Ginger & Rosa",2012,"13+",6.3,7.8,90,"Netflix","English"
"Happily N'Ever After",2006,"7+",4.5,0.4,75,"Amazon","English"
"Neruda",2016,"18+",6.9,9.3,107,"Netflix","Foreign"
"Two Ninas",2000,"18+",6.1,6.7,88,"Amazon","English"
"Dr. T & the Women",2000,"18+",4.6,5.6,122,"Multiple","English"
"Dean",2016,"13+",6.2,6.2,94,"Netflix","English"
"Dirty",2005,"18+",5.6,2.1,97,"Amazon","English"
"Shanghai Triad",1995,"18+",7.1,8.7,108,"Amazon","Foreign"
"The Rolling Stones: Olé Olé Olé! – A Trip Across Latin America",2016,"16+",7.5,10,105,"Netflix","English"
"Wildling",2018,"18+",5.5,7,92,"Netflix","English"
"The Score",2001,"18+",6.8,7.3,124,"Multiple","English"
"Trudell",2005,"7+",7.2,3.3,80,"Amazon","English"
"The Platform",2019,"18+",7,8.2,94,"Netflix","Foreign"
"The Wailing",2016,"18+",7.5,9.9,156,"Amazon","Foreign"
"Dreamchild",1985,"7+",6.8,10,94,"Amazon","English"
"La Cucaracha",1998,"18+",6,6.7,97,"Amazon","Foreign"
"The Hunchback of Notre Dame II",2002,"all",4.7,3,68,"Disney+","English"
"Breath",2017,"18+",6.7,8,115,"Multiple","English"
"Nobody Speak: Trials of the Free Press",2017,"16+",6.5,9.1,95,"Netflix","English"
"Cromwell",1970,"all",6.9,3.3,139,"Amazon","English"
"For Greater Glory: The True Story of Cristiada",2012,"18+",6.6,2.1,145,"Netflix","Foreign"
"The Only Living Boy in New York",2017,"18+",6.3,3.4,89,"Amazon","English"
"And Breathe Normally",2018,"16+",6.8,9.2,95,"Netflix","Foreign"
"The Cheetah Girls",2003,"all",4.8,7.1,100,"Disney+","English"
"Cruise",2018,"18+",5.3,3.8,90,"Hulu","English"
"Letters to God",2010,"7+",6.3,2.7,110,"Amazon","English"
"Men with Brooms",2002,"18+",5.7,5.5,102,"Hulu","English"
"The Black Cauldron",1985,"7+",6.4,5.5,80,"Disney+","English"
"Recount",2008,"18+",7.4,7.8,116,"Amazon","English"
"Invisible Life",2019,"18+",7.9,9.3,139,"Amazon","Foreign"
"Tron",1982,"7+",6.8,7.4,125,"Disney+","English"
"The Roommate",2011,"13+",4.8,0.4,91,"Netflix","English"
"Shoot to Kill",1988,"18+",6.8,10,110,"Amazon","English"
"Yesterday was a lie",2008,"7+",5.1,8.3,89,"Amazon","English"
"Antboy",2013,"7+",5.2,4.3,77,"Amazon","Foreign"
"Tomorrow, When the War Began",2010,"18+",6.2,6.4,103,"Amazon","English"
"Ta Ra Rum Pum",2007,"all",5.6,5,153,"Amazon","Foreign"
"Touched with Fire",2016,"18+",6.2,6.8,106,"Multiple","English"
"Explorers",1985,"7+",6.6,7.7,109,"Amazon","English"
"Bark",2002,"18+",5,1.4,11,"Amazon","English"
"The Santa Clause 2",2002,"all",5.6,5.6,104,"Disney+","English"
"Sergio",2020,"18+",6.1,4.4,118,"Netflix","English"
"8 Murders a Day",2011,"18+",4.9,5.7,90,"Amazon","English"
"A Glimpse Inside the Mind of Charles Swan III",2012,"18+",4.8,1.6,86,"Netflix","English"
"Goin' South",1978,"7+",6.2,7.1,105,"Amazon","English"
"The Money Pit",1986,"7+",6.4,4.8,91,"Netflix","English"
"Miss Virginia",2019,"16+",6.6,6,102,"Netflix","English"
"Saturday the 14th",1981,"7+",4.7,1,75,"Amazon","English"
"Son of a Gun",2014,"18+",6.5,6.2,108,"Netflix","English"
"C.S.A.: The Confederate States of America",2005,"13+",6.4,8,89,"Hulu","English"
"The Church",1989,"18+",6.2,6.4,102,"Amazon","Foreign"
"High Strung",2016,"7+",6.4,7.5,96,"Multiple","English"
"Equals",2015,"13+",6.1,3.5,101,"Netflix","English"
"Mr. Church",2016,"13+",7.6,2.4,104,"Netflix","English"
"Walt Before Mickey",2015,"all",5.9,1.7,107,"Amazon","English"
"Abduction",2011,"13+",5.1,0.5,106,"Multiple","English"
"Three… Extremes",2004,"18+",7,8.4,118,"Amazon","Foreign"
"Babel",2006,"18+",7.4,6.9,143,"Netflix","English"
"That Sugar Film",2014,"7+",7.5,6.8,90,"Amazon","English"
"The Iron Lady",2011,"13+",6.4,5.2,105,"Netflix","English"
"The Most Assassinated Woman in the World",2018,"18+",5.3,8.6,102,"Netflix","Foreign"
"On Any Sunday",1971,"all",7.8,8.3,96,"Amazon","English"
"The Edge of Democracy",2019,"16+",7.1,9.7,121,"Netflix","Foreign"
"Sunshine Cleaning",2008,"18+",6.8,7.4,91,"Amazon","English"
"Remember the Titans",2000,"7+",7.8,7.3,113,"Disney+","English"
"Mean Dreams",2016,"18+",6.3,7.8,108,"Netflix","English"
"The Dressmaker",2015,"18+",7.1,5.7,119,"Amazon","English"
"Cars 2",2011,"all",6.1,3.9,106,"Disney+","English"
"The Wave",2015,"18+",6.7,8.3,90,"Hulu","English"
"Sword Art Online: The Movie - Ordinal Scale",2017,"13+",7.4,10,119,"Hulu","Foreign"
"Gods and Monsters",1998,"18+",7.4,9.5,105,"Hulu","English"
"Pirates of the Caribbean: Dead Man's Chest",2006,"13+",7.3,5.3,151,"Disney+","English"
"A Most Wanted Man",2014,"18+",6.8,8.7,122,"Amazon","Foreign"
"Diverge",2016,"16+",4.5,10,85,"Amazon","English"
"Handsome Harry",2009,"18+",6.1,8.1,94,"Amazon","English"
"Werewolf",2017,"18+",6,9.1,98,"Amazon","English"
"A Little Trip to Heaven",2005,"18+",6,3.3,98,"Amazon","English"
"Angel Has Fallen",2019,"18+",6.4,3.9,121,"Netflix","English"
"Enemy",2013,"18+",6.9,7.1,91,"Netflix","English"
"Don't Worry, He Won't Get Far on Foot",2018,"18+",6.9,7.6,114,"Amazon","English"
"Wild Horses",2015,"18+",4.8,1.7,100,"Amazon","English"
"Blood and Chocolate",2007,"13+",5.5,1.1,98,"Amazon","English"
"Star Wars: The Force Awakens",2015,"13+",7.9,9.3,138,"Disney+","English"
"Anguish",2015,"18+",4.5,6.2,86,"Amazon","Foreign"
"The Basement",2018,"18+",4.6,1.1,98,"Amazon","English"
"Twice Born",2012,"18+",7.4,1.7,127,"Amazon","English"
"Shade",2003,"18+",6.3,6.7,101,"Amazon","English"
"Behind the Candelabra",2013,"18+",7,9.5,118,"Amazon","English"
"The Report",2019,"18+",7.2,8.1,119,"Amazon","English"
"Wonder Park",2019,"7+",5.8,3.4,85,"Multiple","English"
"Hot Rod",2007,"13+",6.7,3.9,88,"Multiple","English"
"Dog Days",2018,"7+",6.2,6.3,113,"Hulu","English"
"After the Screaming Stops",2018,"18+",7.1,10,98,"Hulu","English"
"The Boogey Man",1980,"18+",4.6,1.7,82,"Amazon","English"
"Paheli",2005,"13+",6.5,5.7,140,"Netflix","Foreign"
"Tinker Bell and the Pirate Fairy",2014,"all",6.6,8.1,78,"Netflix","English"
"Opera",1987,"18+",7,9,107,"Amazon","Foreign"
"Descendants 3",2019,"all",6.7,7.8,106,"Disney+","English"
"Penguins",2019,"all",7,9.2,76,"Disney+","English"
"The Last Movie Star",2018,"18+",6.9,5.4,94,"Amazon","English"
"Unlocked",2017,"18+",6.2,2.6,98,"Hulu","English"
"Action Point",2018,"18+",5.1,1.3,85,"Multiple","English"
"Doc",1971,"18+",6.1,3.8,96,"Amazon","English"
"Love & Mercy",2015,"13+",7.4,9,121,"Multiple","English"
"Age of the Dragons",2011,"13+",3.4,0.9,91,"Amazon","English"
"Along Came the Devil",2018,"16+",3.9,3.8,89,"Hulu","English"
"Some Kind of Beautiful",2015,"18+",5.7,0.6,99,"Netflix","English"
"Sex and Breakfast",2007,"18+",4.8,0.9,81,"Amazon","English"
"The Young and Prodigious T.S. Spivet",2013,"all",7.1,7.6,105,"Amazon","English"
"Tumbleweeds",1925,"all",6.5,10,102,"Amazon","English"
"The Window",2008,"18+",6.7,9.2,73,"Amazon","English"
"Convoy",1978,"7+",6.4,4.3,110,"Amazon","English"
"Viking Destiny",2018,"18+",4.2,1.3,91,"Netflix","English"
"City of Ghosts",2017,"18+",7.4,9.8,116,"Amazon","English"
"Hop",2011,"7+",5.4,2.5,95,"Netflix","English"
"Escanaba in da Moonlight",2001,"13+",6.5,5,91,"Amazon","English"
"Flowers in the Attic",1987,"18+",5.8,1.3,86,"Amazon","English"
"Bliss",1997,"18+",6,4.6,111,"Amazon","English"
"Mirage",2018,"18+",7.4,7.1,128,"Multiple","Foreign"
"Hellbenders",2013,"18+",4.8,3.3,90,"Amazon","Foreign"
"9",2009,"13+",7.1,5.7,79,"Netflix","English"
"Literally, Right Before Aaron",2017,"16+",4.5,2.5,102,"Hulu","English"
"The Wipers Times",2013,"7+",7,8.8,92,"Amazon","English"
"The Clovehitch Killer",2018,"13+",6.5,7.8,109,"Hulu","English"
"Cookie's Fortune",1999,"13+",6.8,8.6,118,"Netflix","English"
"Toy Story",1995,"all",8.3,10,81,"Disney+","English"
"Chronicle of an Escape",2006,"18+",7.2,6.7,103,"Netflix","Foreign"
"The Disaster Artist",2017,"18+",7.4,9.1,104,"Amazon","English"
"The Poughkeepsie Tapes",2007,"18+",6.1,6,81,"Amazon","English"
"Bringing Up Bobby",2011,"13+",5.1,1.7,93,"Amazon","English"
"Sour Grapes",2016,"16+",7.3,9.6,91,"Netflix","English"
"Laggies",2014,"18+",6.4,6.5,99,"Netflix","English"
"3 Generations",2016,"13+",5.9,3.2,92,"Netflix","English"
"A Man Called Horse",1970,"18+",6.9,8.6,114,"Amazon","English"
"Bellflower",2011,"18+",6.4,7.3,106,"Amazon","English"
"Spread",2009,"18+",5.8,2.1,97,"Amazon","English"
"Raiders of the Lost Ark",1981,"7+",8.4,9.5,115,"Netflix","English"
"Polar",2019,"18+",6.3,1.6,118,"Netflix","English"
"Honeydripper",2007,"13+",6.6,6.9,124,"Amazon","English"
"Beyond Skyline",2017,"18+",5.3,6.3,106,"Netflix","English"
"The Legend of Cocaine Island",2018,"18+",6.3,7.8,83,"Netflix","English"
"Minding the Gap",2019,"18+",8.1,10,93,"Hulu","English"
"Groundhog Day",1993,"7+",8,9.6,101,"Netflix","English"
"Mi America",2015,"18+",6.4,5,90,"Amazon","English"
"Desert Blue",1999,"18+",6.2,3.7,90,"Amazon","English"
"Secret Obsession",2019,"13+",4.3,3.6,97,"Netflix","English"
"Herbie Goes Bananas",1980,"all",5,4,100,"Disney+","English"
"Once I Was a Beehive",2015,"7+",6.2,7.5,119,"Amazon","English"
"The Invisible Guest",2016,"18+",8.1,6.7,106,"Netflix","Foreign"
"Bokeh",2017,"18+",5,4.5,92,"Netflix","English"
"Sleeping with Other People",2015,"18+",6.5,6.4,101,"Netflix","English"
"The Tigger Movie",2000,"all",6.3,6.2,77,"Disney+","English"
"Mountain",2018,"7+",7.2,8.7,74,"Netflix","English"
"Man Friday",1975,"7+",6.4,3.3,115,"Amazon","English"
"Dumbo",2019,"7+",6.3,4.7,112,"Disney+","English"
"Grassroots",2012,"18+",5.3,5,98,"Amazon","English"
"The Killing of a Sacred Deer",2017,"18+",7,7.9,121,"Netflix","English"
"Bon Cop Bad Cop",2006,"13+",6.8,7.8,116,"Netflix","English"
"Streamers",1983,"18+",6.5,5.6,118,"Amazon","English"
"The Foot Fist Way",2006,"18+",6.3,5.4,85,"Amazon","English"
"House II: The Second Story",1987,"13+",5.4,0.8,88,"Amazon","English"
"Overboard",2018,"13+",6,2.4,112,"Multiple","English"
"Landline",2017,"18+",6.4,7.5,97,"Amazon","English"
"Aladdin and the King of Thieves",1996,"all",6.4,3.3,81,"Disney+","English"
"Notes on a Scandal",2006,"18+",7.4,8.7,92,"Hulu","English"
"Rob the Mob",2014,"18+",6.3,8.3,104,"Amazon","English"
"Battle in Seattle",2007,"18+",6.7,5.6,99,"Amazon","English"
"Indiana Jones and the Temple of Doom",1984,"7+",7.6,8.5,118,"Netflix","English"
"The Willoughbys",2020,"7+",6.4,9,90,"Netflix","English"
"Booksmart",2019,"18+",7.2,9.7,102,"Hulu","English"
"I Am Wrath",2016,"18+",5.4,1.1,92,"Netflix","English"
"Tapeheads",1988,"18+",5.7,6,93,"Amazon","English"
"Copperhead",2013,"7+",5.5,2.1,120,"Amazon","English"
"G-Force",2009,"7+",5.1,2.2,88,"Disney+","Foreign"
"The Bounty Hunter",2010,"13+",5.6,1.2,110,"Netflix","English"
"For Sama",2019,"7+",8.5,9.9,100,"Amazon","Foreign"
"The Curious Case of Benjamin Button",2008,"13+",7.8,7.1,166,"Netflix","English"
"The Beach Bum",2019,"18+",5.5,5.6,95,"Hulu","English"
"Moana",2016,"7+",7.6,9.5,107,"Disney+","English"
"Soorma",2018,"13+",7.4,5,131,"Netflix","Foreign"
"Get Him to the Greek",2010,"18+",6.4,7.2,109,"Netflix","English"
"Michael Moore Hates America",2004,"18+",4.9,7.5,125,"Amazon","English"
"Death of a Salesman",1985,"7+",7.3,10,136,"Amazon","English"
"If I Were You",2013,"18+",7,1.3,115,"Amazon","English"
"Chapter 27",2007,"18+",5.7,1.8,84,"Amazon","English"
"Raising Flagg",2006,"13+",5.4,2.3,103,"Amazon","English"
"Laurence Anyways",2012,"13+",7.7,8.4,168,"Amazon","Foreign"
"North Dallas Forty",1979,"18+",6.9,8.3,119,"Amazon","English"
"Death Rides a Horse",1967,"18+",7.1,4,120,"Amazon","Foreign"
"Pride",2014,"18+",7.8,9.1,119,"Amazon","English"
"Dalida",2016,"7+",6.9,4,127,"Amazon","Foreign"
"2 States",2014,"7+",6.9,4.4,149,"Netflix","Foreign"
"Kabhi Khushi Kabhie Gham",2001,"all",7.4,10,210,"Netflix","Foreign"
"Midnight Special",2016,"13+",6.6,8.3,112,"Amazon","English"
"Secret in Their Eyes",2015,"13+",6.3,3.9,111,"Netflix","English"
"Bébé's Kids",1992,"13+",5.8,3,70,"Netflix","English"
"Dear Zindagi",2016,"13+",7.6,6.9,151,"Netflix","Foreign"
"Parkland",2013,"13+",6.3,5,93,"Amazon","English"
"House at the End of the Street",2012,"13+",5.6,1.4,101,"Netflix","English"
"High School Musical 2",2007,"all",5,8.2,104,"Disney+","English"
"Out of Time",2003,"18+",6.5,6.4,105,"Amazon","English"
"Mr. Roosevelt",2017,"18+",6.2,10,90,"Netflix","English"
"Rocko's Modern Life: Static Cling",2019,"7+",7,9.1,45,"Netflix","English"
"The Hooligan Factory",2014,"13+",4.8,3.3,90,"Amazon","English"
"Failure to Launch",2006,"13+",5.6,2.4,97,"Netflix","English"
"Buffalo Boys",2018,"18+",5.8,7.9,102,"Netflix","Foreign"
"The Music of Strangers: Yo-Yo Ma and the Silk Road Ensemble",2016,"13+",7.7,8.4,96,"Amazon","English"
"Elizabeth",1998,"18+",7.4,8.2,124,"Netflix","English"
"Thousand Pieces of Gold",1991,"13+",6.9,9.1,105,"Amazon","English"
"Ecstasy",1933,"18+",6.7,7,82,"Amazon","Foreign"
"Spenser Confidential",2020,"18+",6.2,3.8,111,"Netflix","English"
"The Unknown Known",2013,"13+",7,8.2,103,"Netflix","English"
"Romancing the Stone",1984,"7+",6.9,8.4,106,"Hulu","English"
"The Edge of Seventeen",2016,"18+",7.3,9.4,104,"Netflix","English"
"I Love You Too",2010,"18+",6,5.4,107,"Amazon","English"
"Guess Who",2005,"13+",5.9,4.2,105,"Netflix","English"
"Jupiter Ascending",2015,"13+",5.3,2.7,127,"Netflix","English"
"Creepshow 2",1987,"18+",6.1,3.2,92,"Amazon","English"
"Black November",2012,"13+",5.3,2.3,95,"Amazon","English"
"The Art of the Steal",2013,"18+",6.3,4.4,90,"Netflix","English"
"Jesus Camp",2006,"13+",7.4,8.7,84,"Hulu","English"
"The Girl",2012,"13+",6.2,5.3,91,"Amazon","English"
"Kill the Messenger",2014,"18+",6.9,7.7,112,"Netflix","English"
"The Vanishing",2018,"18+",5.8,8.5,107,"Amazon","English"
"Trespass Against Us",2016,"18+",5.8,5.7,99,"Netflix","English"
"Kill the Irishman",2011,"18+",7.1,6.2,106,"Amazon","English"
"Onward",2020,"7+",7.5,8.8,102,"Disney+","English"
"Ip Man 2",2010,"18+",7.5,9.6,108,"Netflix","Foreign"
"Three Identical Strangers",2018,"13+",7.7,9.7,96,"Hulu","English"
"Pauly Shore Is Dead",2003,"18+",4.4,5.7,82,"Amazon","English"
"Bill Burr: Paper Tiger",2019,"18+",8.2,8.6,67,"Netflix","English"
"A Farewell to Arms",1932,"7+",6.5,9.3,80,"Amazon","English"
"The Chronicles of Narnia: The Lion, the Witch and the Wardrobe",2005,"7+",6.9,7.6,143,"Disney+","English"
"The Jungle Book 2",2003,"all",5.4,1.9,72,"Disney+","English"
"Doom: Annihilation",2019,"18+",3.6,5,96,"Netflix","English"
"Sand Castle",2017,"18+",6.3,4.4,113,"Netflix","English"
"Terminator Salvation",2009,"13+",6.5,3.3,115,"Netflix","English"
"The Silent Storm",2014,"18+",5.1,2.8,102,"Amazon","English"
"Sinbad: Legend of the Seven Seas",2003,"7+",6.7,4.5,86,"Hulu","English"
"Damsel",2018,"18+",5.5,6.7,113,"Hulu","English"
"The Offering",2016,"18+",3.8,0.8,95,"Amazon","English"
"Flubber",1997,"7+",5.3,2.4,93,"Disney+","English"
"Out of the Dark",2014,"18+",4.8,2.4,92,"Multiple","English"
"Free Solo",2018,"13+",8.2,9.7,100,"Multiple","English"
"Pipe Dream",2002,"18+",5.9,7.2,91,"Amazon","English"
"I Dream in Another Language",2017,"18+",7.4,8,103,"Amazon","Foreign"
"Extremities",1986,"18+",6.3,4,89,"Amazon","English"
"Lawn Dogs",1997,"18+",7.5,7.2,101,"Amazon","English"
"Melancholia",2011,"18+",7.2,8,135,"Hulu","English"
"Vidal Sassoon: The Movie",2010,"7+",6.5,6,90,"Amazon","English"
"Standing in the Shadows of Motown",2002,"7+",7.8,9.1,108,"Multiple","English"
"Elisa & Marcela",2019,"18+",6.5,3.3,118,"Netflix","Foreign"
"Trash",2014,"18+",7.2,6.6,114,"Netflix","Foreign"
"The Matrix",1999,"18+",8.7,8.7,136,"Netflix","English"
"Rat Race",2001,"13+",6.4,4.4,112,"Amazon","English"
"Elián",2017,"7+",6.8,10,108,"Amazon","English"
"Peter Pan",1953,"all",7.3,8,113,"Disney+","English"
"The Hundred-Foot Journey",2014,"7+",7.3,6.7,122,"Netflix","English"
"Blood Brother",2013,"7+",8.3,7.3,87,"Amazon","English"
"Misery",1990,"18+",7.8,9,107,"Hulu","English"
"Frankie & Alice",2010,"18+",6.5,2.1,101,"Amazon","English"
"Bolden",2019,"18+",5.6,7,108,"Multiple","English"
"Bill & Ted's Bogus Journey",1991,"7+",6.3,5.4,93,"Amazon","English"
"The Case for Christ",2017,"7+",6.2,5.9,112,"Netflix","English"
"The Falcon and the Snowman",1985,"18+",6.8,8.1,131,"Amazon","English"
"The Incredible Journey",1963,"all",7.1,8.9,80,"Disney+","English"
"Jim Gaffigan: Obsessed",2014,"16+",7.6,10,60,"Netflix","English"
"Dark Places",2015,"18+",6.2,2.3,113,"Netflix","English"
"Star Wars: Return of the Jedi",1983,"7+",8.3,8.2,131,"Disney+","English"
"Bravetown",2015,"18+",6.2,2.5,112,"Amazon","English"
"Wannabes",2000,"18+",5.7,1.9,110,"Amazon","English"
"The Big Kahuna",2000,"18+",6.6,7.3,90,"Amazon","English"
"Seven Days in Utopia",2011,"all",6,1.5,100,"Amazon","English"
"Rosenstrasse",2003,"13+",6.7,5.5,136,"Amazon","Foreign"
"Game Change",2012,"18+",7.4,6.8,118,"Amazon","English"
"Lez Bomb",2018,"18+",5,8.9,90,"Netflix","English"
"Happy New Year",2014,"all",5,4.7,118,"Netflix","English"
"Motorama",1991,"18+",6.4,6,90,"Amazon","English"
"The Outcasts",2017,"13+",5.5,5,95,"Netflix","English"
"The Little Hours",2017,"18+",5.8,7.8,90,"Netflix","English"
"Monsters University",2013,"all",7.3,8,104,"Disney+","English"
"The Artist",2011,"13+",7.9,9.5,100,"Netflix","English"
"The Color of Friendship",2000,"7+",7.2,10,87,"Disney+","English"
"Geronimo",1962,"7+",5.8,8,115,"Amazon","English"
"Rememory",2017,"13+",6.2,2.5,111,"Amazon","English"
"The Jewel of the Nile",1985,"7+",6.1,5,106,"Hulu","English"
"The Tourist",2010,"13+",6,2,103,"Netflix","English"
"Paul Williams Still Alive",2011,"13+",6.9,9.7,87,"Amazon","English"
"The Spy Who Dumped Me",2018,"18+",6,4.9,117,"Multiple","English"
"Gacy",2003,"18+",4.7,1.7,88,"Amazon","English"
"Kill Me Later",2001,"18+",6.3,2.6,89,"Amazon","English"
"7 Boxes",2012,"16+",7.1,9.7,105,"Amazon","Foreign"
"Love, Rosie",2014,"18+",7.2,3.3,102,"Multiple","English"
"Stonehearst Asylum",2014,"13+",6.8,5.4,112,"Netflix","English"
"Sacred Planet",2004,"all",6.1,5.8,40,"Disney+","English"
"Of Mind and Music",2014,"13+",6.8,7.1,98,"Amazon","English"
"Shine",2017,"18+",4.7,5,105,"Amazon","English"
"Tinker Tailor Soldier Spy",2011,"18+",7.1,8.3,122,"Netflix","English"
"Marshall",2017,"13+",7.2,8,118,"Amazon","English"
"Slender Man",2018,"13+",3.2,0.6,93,"Amazon","English"
"Waco: The Rules of Engagement",1997,"13+",7.9,8.8,136,"Amazon","English"
"23 Blast",2014,"13+",6.5,3.6,98,"Amazon","English"
"The Twilight of the Golds",1996,"13+",6.5,4.3,92,"Amazon","English"
"The Butterfly Tree",2017,"16+",5.3,4.6,97,"Amazon","English"
"Neds",2010,"16+",7,9.4,124,"Amazon","English"
"Pirates of the Caribbean: On Stranger Tides",2011,"13+",6.6,3.3,137,"Disney+","English"
"Orbiter 9",2017,"16+",5.9,6.7,95,"Netflix","Foreign"
"Thumbelina",1994,"all",6.3,3,86,"Disney+","English"
"Mike Wallace Is Here",2019,"13+",7.2,9.4,90,"Hulu","English"
"Thin",2006,"13+",7.4,10,102,"Amazon","English"
"The Other Side of the Wind",2018,"18+",6.8,8.3,122,"Netflix","English"
"Soul Plane",2004,"18+",4.5,1.8,86,"Multiple","English"
"Comedian",2002,"18+",6.9,7.6,82,"Netflix","English"
"Scott Pilgrim vs. the World",2010,"13+",7.5,8.1,112,"Netflix","English"
"White of the Eye",1988,"18+",6.2,4.3,110,"Amazon","English"
"I Am Mother",2019,"13+",6.7,9,113,"Netflix","English"
"The Little Mermaid II: Return to the Sea",2000,"7+",5.6,3.3,75,"Disney+","English"
"Hot Summer Nights",2018,"18+",6.4,4.3,107,"Amazon","English"
"Mirror Mirror",2012,"7+",5.6,5,106,"Multiple","English"
"Ghosts of Girlfriends Past",2009,"13+",5.8,2.7,115,"Netflix","English"
"Runaway Train",1985,"18+",7.2,8.5,98,"Amazon","English"
"Deidra & Laney Rob a Train",2017,"16+",6.1,9.1,92,"Netflix","English"
"Molokai: The Story of Father Damien",1999,"7+",6.9,6.3,109,"Amazon","English"
"10 Rillington Place",1971,"7+",7.6,5.8,111,"Amazon","English"
"The Italian Job",1969,"all",7.3,8.3,111,"Amazon","English"
"Some Kind of Wonderful",1987,"13+",7.1,8.1,95,"Amazon","English"
"The Frozen Ground",2013,"18+",6.4,6.1,105,"Multiple","English"
"The Ninth Gate",1999,"18+",6.7,4.3,133,"Amazon","English"
"Sweet Land",2005,"7+",7.1,8.5,110,"Amazon","English"
"All the Boys Love Mandy Lane",2008,"18+",5.5,4.3,90,"Netflix","English"
"Jimmy Neutron: Boy Genius",2001,"all",6,7.4,82,"Netflix","English"
"American Folk",2018,"7+",6.1,7.6,99,"Multiple","English"
"Miracle on 34th Street",1947,"all",7.9,9.6,96,"Disney+","English"
"Ktown Cowboys",2015,"18+",6.7,3.3,81,"Amazon","English"
"Under the Boardwalk: The Monopoly Story",2011,"all",6.2,8.5,88,"Amazon","English"
"Sodom and Gomorrah",1962,"all",5.7,5,154,"Amazon","English"
"Ferris Bueller's Day Off",1986,"13+",7.8,8,103,"Netflix","English"
"The Duchess",2008,"13+",6.9,6.2,110,"Multiple","English"
"The Theory of Everything",2014,"13+",7.7,7.9,123,"Netflix","English"
"In My Sleep",2010,"13+",5.5,1.3,104,"Amazon","English"
"California Split",1974,"18+",7.2,8.8,108,"Amazon","English"
"Force 2",2016,"7+",6.2,5.5,127,"Netflix","Foreign"
"The Tenants",2006,"18+",5.2,3.2,93,"Amazon","English"
"Science Fair",2018,"7+",7.4,9.7,90,"Disney+","English"
"The Breadwinner",2017,"13+",7.7,9.5,94,"Netflix","English"
"Naked Gun 33<U+2153>: The Final Insult",1994,"13+",6.5,5.4,83,"Amazon","English"
"The Relic",1997,"18+",5.8,3.4,110,"Amazon","English"
"Like Crazy",2011,"13+",6.7,7.1,86,"Amazon","English"
"Sister Act",1992,"7+",6.4,7.3,100,"Disney+","English"
"Indiana Jones and the Kingdom of the Crystal Skull",2008,"13+",6.1,7.8,122,"Netflix","English"
"XX/XY",2002,"18+",5.9,4.3,91,"Hulu","English"
"The Pink Panther Strikes Again",1976,"7+",7.2,8,103,"Amazon","English"
"The Visual Bible: The Gospel of John",2003,"13+",7.7,3.7,180,"Amazon","English"
"The Man from Earth: Holocene",2017,"13+",5.3,5,98,"Amazon","English"
"Star Trek II: The Wrath of Khan",1982,"7+",7.7,8.7,113,"Multiple","English"
"Acts of Vengeance",2017,"18+",5.7,5.5,87,"Netflix","English"
"Ghosts of Abu Ghraib",2007,"18+",7.8,10,78,"Amazon","English"
"Okja",2017,"13+",7.3,8.7,120,"Netflix","English"
